{
    "greetings_intro": [
        "hello", "hey", "hi", "sup", "greetings", "howdy", "namaste", "hola", "bonjour",
        "yo", "salutations", "konichiwa", "hallo", "hi there", "hello there",
        "good to see you", "how's it going", "what's up", "what's new", "what's happening",
        "hey there", "how are you", "nice to meet you", "pleasure to meet you", "long time no see",
        "how have you been", "how are things", "how do you do", "what's good", "what's cracking",
        "what's popping", "welcome", "hi friend", "hey friend", "hello friend", "yo friend",
        "hi buddy", "hey buddy", "hello buddy", "yo buddy", "hi pal", "hey pal", "hello pal",
        "yo pal", "hi mate", "hey mate", "hello mate", "yo mate", "hi there buddy", "hey there buddy",
        "hello there buddy", "yo there buddy", "hi there friend", "hey there friend", "hello there friend",
        "yo there friend", "hi there mate", "hey there mate", "hello there mate", "yo there mate",
        "what's up buddy", "what's new buddy", "what's happening buddy", "how's it going buddy",
        "good to see you buddy", "nice to meet you buddy", "long time no see buddy", "how have you been buddy",
        "how are things buddy", "how do you do buddy", "what's good buddy", "what's cracking buddy",
        "what's popping buddy", "what's up friend", "what's new friend", "what's happening friend",
        "how's it going friend", "good to see you friend", "nice to meet you friend", "long time no see friend",
        "how have you been friend", "how are things friend", "how do you do friend", "what's good friend",
        "what's cracking friend", "what's popping friend", "what's up mate", "what's new mate", "what's happening mate"]
    ,
    "greetings_outro": [
        "farewell", "see ya", "bye", "bye bye", "take care", "later", "byebye", "cheerio", "ciao",
        "sayonara", "peace out", "catch you later", "till next time", "adios", "toodles",
        "bye for now", "have a great day", "see you soon", "goodbye", "so long", "take it easy",
        "see you later", "see you around", "all the best", "good night", "keep in touch",
        "stay safe", "see you", "take care", "until next time", "bye now", "cheers", "have a good one",
        "catch you later", "have a nice day", "see you when I see you", "see ya", "until we meet again",
        "stay well", "farewell", "be good", "see you again", "goodbye for now", "take care of yourself",
        "talk to you later", "later on","keep in touch", "catch you soon",
        "have a great one", "so long", "see you in a while", "gotta go", "be seeing you", "have a good day",
        "I’ll see you around", "stay safe", "catch you later", "peace out", "later gator", "be well",
        "have fun", "talk soon", "be seeing you", "goodbye for now", "all right then",
        "see you later", "I must be going", "I gotta take off",
        "take it easy", "bye for now", "see you next time", "stay cool",
        "take care", "until later", "keep smiling", "take care of yourself", "see ya", "adieu",
        "later days", "take care now", "peace", "be good", "talk to you soon", "until then", "take it easy", "stay sweet"]
    ,

    "negative": ["Nope", "Nah", "Denied", "Refused", "No", "Negative", "Rejected", "Declined"],

    "nameask" : ["Name for personalization?", "May I know your name?", "Can i have your name?","Intrigued to meet you! Is there a name you'd like me to use for our interaction?", "Names are helpful! can you provide your name?"], 

    "reply" : ["Need help with anything else?", "Need further assistance?", "Need more assistance?","Need more help?", "Ask away if you need help with anything else.", "Here for further assistance.", "Need anything else to come up?", "Is there anything else I can assist you with today?"],

   "questions": [
    {
      "question": "what are the admission requirements?",
      "answer": "Our admission requirements vary depending on the program you're interested in. You can find detailed information on our website: [link to admissions requirements page]."
    },
    {
      "question": "what is the application process?",
      "answer": "The application process typically involves submitting an online application form, transcripts, standardized test scores (if required), and a letter of recommendation. You can find all the details on our website: [link to application process page]."
    },
    {
        "question": "Are there any prerequisites for admission?",
        "answer": "Some programs may have specific prerequisites such as coursework, certifications, or prior experience. Please check the requirements for your chosen program on our [website]."
    },
    {
      "question": "are there any scholarships?",
      "answer": "We offer a variety of scholarships, To learn more and see if you qualify, please visit our scholarship website: [link to scholarship website]."
    },
    {
        "question": "Who created you?",
        "answer": "I was created by kolhs."
      }
    ,
    {
      "question": "How is the campus life?",
      "answer": "We have a vibrant and active campus life with a variety of clubs, organizations, and events. You can explore all the possibilities on our website: [link to campus life page]."
    },
    {
        "question":"About iit Ghaziabad",
        "answer":"IIT Ghaziabad is a private engineering college offering programs in various fields near Delhi NCR. It focuses on practical learning and aims to prepare students for successful careers in engineering and technology."
    }
    ,
    {
    "question": "help",
    "answer": "Check the help file or please read this article for the topics i can help you with : https://shrib.com/#Willie-OapDZq"
    }
    ,
    {
        "question": "What about the placements?",
        "answer": "IIT Ghaziabad boasts a strong placement record with a high percentage of graduates securing placements in top companies. For the latest placement statistics, you can visit the official placement website: [link to IIT Ghaziabad placement website]."
      }
    ,
    {
        "question": "alumninetwork",
        "answer": "IIT Ghaziabad has produced a distinguished alumni network that includes successful professionals in various fields. Some notable alumni include Mr.Melon Eusk Co-founder and CEO of Lesta, or the renowned Co-founder and CEO of meta Zark Muckerbeg. To explore a more comprehensive list of our esteemed alumni, please visit the official IIT Ghaziabad website: [link to IIT Ghaziabad alumni page]."
      }
    ,
    {
      "question": "how can i contact?",
      "answer": "No problem! You can contact us directly at [phone number] or [email address]. We are happy to answer any questions you may have."
    },
    {
    "question": "what about the fee structure?",
      "answer":  "The fee structure at IIT Ghaziabad varies depending on several factors, including your program of study, nationality, and hostel accommodation. However to get the most accurate information, I recommend visiting the official IIT Ghaziabad fee structure webpage: [link to IITG website - Fee Structure]."
    },
    {
    "question":"how is the infrastructure?",
    "answer":"IIT Ghaziabad offers modern classrooms, labs, a central library, and advanced computing facilities. It also boasts well-equipped sports complexes and comfortable hostel accommodation."
    }
  ]
  ,
  "instiname" : [
    "Hi there! Welcome to the IIT Ghaziabad chatbot. I'm here to answer your admissions questions.",
    "Hey there! Thinking about IIT Ghaziabad? I can help you explore your options!",
    "Welcome to the IIT Ghaziabad admissions assistant! Let's see how I can help you today.",
    "Are you interested in IIT Ghaziabad? I can provide some insights to help you decide. Ask away!",
    "Admissions for IIT Ghaziabad might be on your mind! I can offer some guidance. What do you want to know?",
    "IIT Ghaziabad: a top technical institute! I can answer your general admissions questions.",
    "Curious about IIT Ghaziabad? Let's see what I can tell you about admissions and the institute.",
    "Ever dreamed of IIT Ghaziabad? I can share some insights to fuel your aspirations!",
    "Starting your IIT Ghaziabad research? I can be your guide! Fire away with your questions.",
    "IIT Ghaziabad on your mind? I'm your admissions resource! Let's explore what you want to know."
  ]
  }
  